model,auc_pr,brier,precision,recall
Baseline Rule,0.1393242199638864,0.16840438168140426,0.17865690553287344,0.6991735537190082
NBM Raw (no terrain),0.1264380036364551,0.05764814570410453,0.3570875290472502,0.2539944903581267
NBM + Elevation Weight,0.12823613211149656,0.058598389864062295,0.3516483516483517,0.2644628099173554
