{"t_td_spread_lag":8.3,"wind_speed_mph_lag":5.7539000511,"drct_sin_lag":0.0,"drct_cos_lag":0.3420200646,"elevation":199.0,"hour_sin":1.224646799e-16,"hour_cos":-1.836970199e-16,"month_sin":-2.449293598e-16,"month_cos":-1.836970199e-16,"hpbl_m":414.9272003174,"tcdc_bl_pct":0.0,"dpt2m_k":280.6342773438,"tmp2m_k":287.1041259766,"rh2m_pct":72.1999969482,"hgt_cldbase_m":10000.0,"u10_ms":0.51146698,"v10_ms":0.1972160339}